{
  "Distinct-1": 0.005537098560354375,
  "Distinct-2": 0.009535160905840286,
  "BLEU": 0.0,
  "METEOR": 0.0
}